Top queries,Clicks,Impressions,CTR,Position
rent a car in makkah with driver,55,626,8.79%,3.77
rent a car makkah,25,787,3.18%,15.43
makkah to madinah car rental,22,413,5.33%,5.91
car rental makkah,16,1742,0.92%,27.49
rent a car makkah to madinah,15,841,1.78%,10.76
rent a car from madinah to makkah,14,1257,1.11%,12.46
car rental makkah to madinah,11,186,5.91%,4.97
transport madinah to makkah,11,131,8.40%,7.16
car hire makkah,10,967,1.03%,29.81
rent a car in makkah,9,2197,0.41%,27.35
rent a car with driver in saudi arabia,8,108,7.41%,8.13
rent car makkah,7,481,1.46%,31
rent a car from makkah to madinah,7,100,7%,4.88
makkah to madinah via badr,7,86,8.14%,4.95
transport from madinah to makkah,6,181,3.31%,15.26
car rental from makkah to madinah,5,1555,0.32%,6.86
makkah to badr to madinah,5,191,2.62%,4.65
makkah to madinah rent a car,5,45,11.11%,5.78
starex hyundai price in saudi arabia,4,484,0.83%,5.58
jeddah to makkah coaster,3,1154,0.26%,10.21
makkah car rental,3,705,0.43%,26.81
car ride,3,591,0.51%,5.34
makkah car hire,3,387,0.78%,30.23
madinah to makkah by car,3,263,1.14%,10.22
taif airport to makkah,3,119,2.52%,8.72
toyota hiace for rent in jeddah,3,111,2.70%,16.99
madinah to makkah transport,3,67,4.48%,7.63
ride arabia,3,60,5%,5.07
airport pickup and drop,3,53,5.66%,6.15
rent a car in mecca saudi arabia,3,53,5.66%,30.38
car rental near me,3,49,6.12%,24.57
umrah car,3,37,8.11%,5.84
rent a car near me,3,35,8.57%,2.51
madinah to makkah transport service,3,31,9.68%,5.29
best way to travel from madinah to makkah,3,27,11.11%,7.93
toyota hiace for rent near me,3,12,25%,3.5
hyundai starex rental,3,5,60%,9.8
makkah to madinah coaster,2,1454,0.14%,25.84
private umrah taxi for families,2,1257,0.16%,22.39
car rental mecca,2,1054,0.19%,33.13
makkah rent a car,2,397,0.50%,23.2
rent a car mecca,2,369,0.54%,35.23
badr ziyarat,2,363,0.55%,8.12
madina chauffeur service,2,354,0.56%,14.72
medina to makkah by car,2,130,1.54%,8.69
"site:.com ""taxi"" ""info"" ""com"" saudi arabia",2,128,1.56%,58.17
toyota hiace for rent in riyadh,2,94,2.13%,11.2
makkah to madinah private car,2,89,2.25%,4.97
car rent makkah,2,42,4.76%,14.02
toyota hiace rent a car,2,38,5.26%,7.53
saudi taxi car,2,38,5.26%,10.32
jeddah to makkah car rental,2,27,7.41%,6.59
mekke araç kiralama,2,25,8%,2.76
staria taxi,2,24,8.33%,6.33
hyundai staria for rent in riyadh,2,16,12.50%,23.94
11 seater car in saudi arabia,2,7,28.57%,3.57
hyundai starex for rent,2,3,66.67%,22.67
renting cars near me,2,2,100%,3
makkah to jeddah coaster,1,1154,0.09%,10.98
car rent with driver,1,773,0.13%,33.19
rent a car with driver,1,768,0.13%,28.02
rent a car in madinah,1,750,0.13%,48.12
makkah to badr,1,530,0.19%,8.83
rent a car with driver in mecca,1,431,0.23%,5.51
rent a car with driver in madina,1,426,0.23%,9.49
car rental in makkah saudi arabia,1,424,0.24%,37.85
rent car in makkah,1,419,0.24%,33.17
chauffeur service in mecca,1,386,0.26%,19.26
makkah to madinah car hire,1,303,0.33%,6.47
rent car with driver jeddah,1,288,0.35%,47.55
makkah to madinah via badr distance,1,276,0.36%,9.61
rent car madinah,1,254,0.39%,47.98
rent a car in medina,1,195,0.51%,52.88
makkah madina taxi service,1,192,0.52%,38.36
private car,1,172,0.58%,7.45
coaster price in saudi arabia,1,155,0.65%,10.41
toyota coaster price in saudi arabia,1,132,0.76%,16.49
makkah to badar,1,128,0.78%,8.31
car arabia,1,128,0.78%,44.43
car from madinah to makkah,1,114,0.88%,17.94
hiace van for rent,1,112,0.89%,7.9
madinah to makkah car,1,103,0.97%,10.77
car rental in makkah,1,97,1.03%,27.59
makkah to madinah by car,1,97,1.03%,40.98
medina rent a car,1,89,1.12%,44.73
car hire in makkah saudi arabia,1,68,1.47%,30.04
madinah to makkah travel,1,62,1.61%,27.97
car rental saudi arabia,1,59,1.69%,50.51
cab services in saudi arabia,1,57,1.75%,3.91
rent a car with driver in riyadh,1,55,1.82%,57
umrah taxi online – private taxi service in saudi arabia makkah,1,49,2.04%,5.96
madinah to makkah private car,1,49,2.04%,7.41
umrah taxi service,1,45,2.22%,28.18
toyota hiace saudi arabia,1,44,2.27%,7.41
umrah taxi online,1,43,2.33%,8.74
makkah madinah private car coaster bus service,1,39,2.56%,23.31
makkah to madinah transfer,1,34,2.94%,9.26
mecca to medina car,1,33,3.03%,4.27
coaster madinah,1,31,3.23%,10.48
jeddah airport to madinah hotel,1,30,3.33%,47.6
hyundai staria taxi,1,29,3.45%,7.38
cheap rent a car in makkah,1,27,3.70%,35.52
car rental from madinah to makkah,1,25,4%,5.32
makkah to madinah car service,1,25,4%,6.32
mekke rent a car,1,23,4.35%,2.57
toyota hiace rent,1,22,4.55%,8.91
hiace rental,1,22,4.55%,12.86
coaster rental,1,21,4.76%,12.9
makkah to madinah 7 seater price,1,20,5%,10.15
coaster for rent,1,19,5.26%,13.21
car for rent in makkah,1,19,5.26%,15.37
7 seater car rental madinah,1,17,5.88%,18.47
airport transfer saudi arabia,1,15,6.67%,4.73
تأجير سيارات,1,15,6.67%,17.8
hyundai staria saudi arabia,1,14,7.14%,11.64
car rental,1,14,7.14%,44.43
rent a car in saudi arabia,1,14,7.14%,60
car rental madinah to makkah,1,13,7.69%,6
rent car mecca,1,13,7.69%,16.54
madina to makkah by car,1,11,9.09%,9.45
car hire in saudi arabia,1,11,9.09%,46.09
hiace rental near me,1,10,10%,5.6
hyundai starex 2024 price in ksa,1,10,10%,6.7
car rentals near me,1,9,11.11%,2
toyota hiace on rent,1,9,11.11%,5.11
coaster makkah,1,9,11.11%,10.89
transport from makkah to madinah,1,9,11.11%,31.11
taxi for ziyarat in makkah,1,7,14.29%,4.57
car rentals in makkah,1,7,14.29%,4.71
rent a car with driver near me,1,7,14.29%,11.57
hi ace van rental,1,7,14.29%,23.29
makkah rental car,1,6,16.67%,6.83
hiace makkah,1,6,16.67%,9.33
taif to makkah taxi,1,6,16.67%,15.17
car hire near me,1,6,16.67%,23.17
hiace toyota rental,1,5,20%,2
تاجير سيارات مكة,1,5,20%,2.2
toyota coaster rent per day,1,5,20%,3
makkah to madina by car,1,5,20%,27.2
coaster rental with driver,1,4,25%,3.5
toyota hiace for sale in saudi arabia,1,4,25%,42.5
rental car,1,3,33.33%,2
car rent near me,1,3,33.33%,5
airport pick and drop service,1,3,33.33%,7
rental car companies in saudi arabia,1,3,33.33%,44.33
11 seater rental car,1,2,50%,1
rent car,1,2,50%,1
toyota coaster 17 seater,1,2,50%,1
toyota hiace taxi,1,2,50%,1
hire van near me,1,2,50%,1.5
toyota coaster 2014 price in ksa,1,2,50%,2
11 seater car rental,1,2,50%,2.5
in ride rent a car,1,2,50%,49
car hire newr me,1,1,100%,1
luxury taxi near me,1,1,100%,1
makkah madina bus service,1,1,100%,1
rent a car saudia,1,1,100%,1
van rental near me,1,1,100%,1
van rentals near me,1,1,100%,1
people carrier taxi near me,1,1,100%,8
staria rent a car,1,1,100%,17
toyota arabia,1,1,100%,17
book private taxi for umrah,0,1304,0%,47.39
car from makkah to madinah,0,1213,0%,19.85
private car service for umrah,0,1171,0%,14.33
makkah to madinah staria,0,984,0%,37.78
jeddah to madinah car,0,961,0%,37.07
book a luxury chauffeur in saudi arabia,0,910,0%,53.4
jeddah to makkah staria,0,871,0%,37.15
premium transportation services in saudi arabia,0,837,0%,36.82
car with driver for rent,0,827,0%,39.31
makkah to jeddah staria,0,818,0%,32.33
airport transfer for umrah,0,773,0%,68.39
car with driver on rent,0,768,0%,38.35
vip airport transfers in mecca,0,761,0%,42.88
rental car with driver,0,755,0%,43.24
affordable luxury chauffeur service in riyadh,0,749,0%,80.22
makkah to jeddah gmc,0,737,0%,43.49
rent a car madinah,0,701,0%,49.73
affordable private umrah taxi,0,695,0%,49.38
car with driver rental,0,689,0%,36.3
madinah jeddah umrah transport,0,684,0%,65.24
car rental with driver,0,680,0%,37.92
car rental makkah saudi arabia,0,657,0%,37.14
private taxi for umrah,0,656,0%,56.71
best car rental in taif,0,632,0%,28.57
professional airport transfers in jeddah,0,632,0%,67.34
car for rent with driver,0,606,0%,24.57
rent a car with a driver,0,605,0%,35.35
umrah taxi service near me,0,604,0%,41.17
premium transportation in saudi arabia,0,604,0%,44.29
umrah airport transfer,0,599,0%,71
jeddah to makkah gmc,0,597,0%,48.07
private umrah taxi,0,581,0%,37.5
private umrah transport,0,578,0%,59.91
airport transfers saudi arabia,0,571,0%,62.77
car driver rental,0,562,0%,33.3
makkah 24213,0,526,0%,10.17
12 seater car,0,508,0%,1.18
medina airport car service,0,503,0%,60.8
private taxi for umrah pilgrims,0,495,0%,53.19
cab service in saudi arabia,0,494,0%,43.21
luxury car rental in taif,0,486,0%,16.1
makkah madinah umrah transport,0,484,0%,69.29
best car rental in makkah,0,482,0%,45.5
car rental madinah saudi arabia,0,479,0%,52.23
book luxury group rides in saudi arabia,0,472,0%,24.01
car with driver in mecca,0,433,0%,7.07
car rentals saudi gmc,0,429,0%,30.86
car with driver mecca,0,422,0%,6.49
car hire mecca,0,419,0%,36.7
car with driver madina,0,414,0%,7.33
mecca car rental,0,414,0%,34.24
madinah to makkah taxi,0,411,0%,51.3
car with driver in madina,0,407,0%,8.39
car rental madinah,0,404,0%,44.51
madinah car rental,0,399,0%,47.35
car rental in mecca,0,391,0%,38.35
chauffeur service mecca,0,381,0%,16.75
mecca chauffeur service,0,381,0%,17.51
rent a car at taif airport,0,368,0%,47.45
chauffeur service madina,0,366,0%,14.49
chauffeur service in madina,0,361,0%,15.06
rent car in mecca,0,357,0%,35.07
transportation makkah to medina,0,355,0%,58.82
car rental medina saudi arabia,0,352,0%,49.39
luxury car rental in makkah,0,351,0%,34.28
car hire taif,0,337,0%,44.08
medina airport pickup,0,328,0%,55.42
taif airport cheap car rental,0,323,0%,46.05
chauffeur service in jeddah,0,322,0%,66.74
car with driver in jeddah,0,320,0%,39.3
makkah to madinah taxi,0,317,0%,49.22
rent a car makkah saudi arabia,0,312,0%,43.52
car with driver jeddah,0,310,0%,39.52
car hire madinah,0,310,0%,41.18
rent a car in taif,0,306,0%,40.04
jeddah chauffeur service,0,305,0%,69.9
medina airport drop off,0,304,0%,51.17
7 seater car rental in jeddah,0,296,0%,64.38
vip chauffeur services in saudi arabia,0,295,0%,90.73
chauffeur service jeddah,0,292,0%,52.53
airport pickup saudi arabia,0,286,0%,21.59
madinah rent a car,0,286,0%,48.53
rent a car mekka,0,285,0%,34.76
luxury car rental in madinah,0,277,0%,54.18
car hire taif airport,0,268,0%,42.47
rent a car madinah near haram,0,267,0%,37.58
taif car rental,0,267,0%,37.62
auto mieten mekka,0,264,0%,48.08
affordable car rental in taif,0,259,0%,32.58
medina airport cab,0,254,0%,63.26
saudi airport pickup,0,250,0%,22.49
rent a car with driver in jeddah,0,246,0%,42.7
chauffeur from jeddah to madinah,0,243,0%,20.03
cheap rental cars taif,0,240,0%,45.25
"one of the best company for the jeddah to makkah madinah rental car 
service. makkah to jeddah makkah to madinah madinah airport. sedan-suv",0,233,0%,11.18
cheap car rental in taif,0,225,0%,37.91
rent a car in madina,0,219,0%,50.46
badr ziyarat location,0,217,0%,10.34
cheap car rentals taif,0,210,0%,44.94
taif airport car rental,0,209,0%,46.27
luxury car rental in medina,0,208,0%,62.65
affordable car rental in makkah,0,204,0%,41.57
madinah to makkah car service,0,202,0%,21.48
umrah car service,0,200,0%,43.35
best car rental in madinah,0,197,0%,66.59
private transport umrah,0,190,0%,33.66
jeddah to makkah taxi service,0,181,0%,61.73
cheap car rental in makkah,0,178,0%,41.55
makkah to madinah taxi service,0,175,0%,51.09
starex car,0,174,0%,29.54
affordable car rental in madinah,0,172,0%,56.07
medina airport car rental,0,167,0%,45.02
chauffeur-driven group rides for corporate events,0,165,0%,66.72
vehicle service jeddah to makkah,0,162,0%,34.98
rent a car medina saudi arabia,0,161,0%,54.33
rent a car madina,0,160,0%,50.91
hyundai 9 seater,0,158,0%,56.46
medina to mecca private transport,0,155,0%,38.06
cheap rent a car in medina,0,155,0%,63.24
best umrah taxi service,0,154,0%,60.62
taxi family in makkah,0,153,0%,10.41
umrah taxi pricing,0,153,0%,84.86
car rentals madinah,0,146,0%,50.77
makkah hotel to madinah hotel taxi,0,146,0%,59.86
car hire medina airport,0,144,0%,60.39
cheap car rental in mecca,0,143,0%,50.91
madinah to makkah taxi services,0,143,0%,59.15
#taxi #mecca #travel,0,140,0%,53.28
cheap rental cars makkah,0,137,0%,42.75
makkah to madinah car,0,135,0%,12.68
mecca to medina car hire,0,133,0%,9.48
rent car with driver,0,133,0%,50.29
umrah taxi madinah,0,132,0%,65.08
naylam saudi arabia airport transfers pickup and drop-off,0,131,0%,24.13
makkah to madinah taxi booking,0,130,0%,51.2
gmc car rental,0,128,0%,50.77
luxury car hire in jeddah,0,128,0%,79.72
rent car madinah train station,0,125,0%,40.56
umrah taxi makkah,0,123,0%,61.62
airport transport,0,121,0%,87.98
taxi with driver,0,117,0%,8.48
gmc yukon saudi arabia,0,116,0%,42.76
jeddah makkah umrah transport,0,116,0%,65.31
badr to madinah,0,114,0%,9.28
van with driver rental,0,111,0%,59.59
umrah taxi jeedah,0,109,0%,62.14
medina to makkah taxi,0,104,0%,55.01
car rental price in madinah,0,104,0%,57.94
cheap car rental in madinah,0,97,0%,47.1
rent a car in mecca,0,96,0%,28.66
hyundai staria 9 seater,0,90,0%,10.57
how to get a car for makkah from jeddah airport,0,88,0%,50.57
coaster bus price in saudi arabia,0,87,0%,26.62
airport transfer services,0,85,0%,75.99
taif to makkah,0,84,0%,14.74
hyundai starex 7 seater,0,83,0%,13.08
toyota coaster price in ksa,0,83,0%,22.17
affordable car rental in medina,0,82,0%,55.23
madinah to makkah taxi service,0,82,0%,55.34
umrah taxi service list,0,79,0%,56.54
madina rent a car,0,78,0%,49.95
car rental in madina,0,76,0%,52.01
toyota camry taxi saudi arabia,0,73,0%,5.77
med airport drop off,0,73,0%,58.44
private driver saudi arabia,0,71,0%,22.08
affordable ziyarat trip to makkah,0,71,0%,43.7
coaster driver,0,70,0%,9.04
coaster price in ksa,0,70,0%,18.83
car rental taif airport,0,70,0%,34.57
staria,0,69,0%,38.99
gmc yukon car rental,0,69,0%,74.74
private car hire,0,68,0%,45.93
best car rental in medina,0,68,0%,64.04
full day chauffeur,0,67,0%,43.54
car rental in madinah saudi arabia,0,66,0%,59.18
cararabia,0,66,0%,61.48
toyota coaster price saudi arabia,0,65,0%,10.03
medina car rental,0,65,0%,46.62
umrah private taxi,0,63,0%,6.43
private driver,0,63,0%,35.54
affordable ziyarat trip to madinah,0,63,0%,40.86
taxi makkah,0,63,0%,59.7
badar ziyarat,0,62,0%,8.97
car rental from jeddah airport to makkah,0,62,0%,33.26
car rental with driver saudi arabia,0,59,0%,6.19
cheap car rental in medina,0,59,0%,49.83
car rental medina airport,0,59,0%,50.05
sataria car,0,58,0%,4.45
best taxi service in makkah,0,56,0%,21.29
gmc yukon rental,0,56,0%,52.59
badr to makkah,0,55,0%,8.75
carride,0,54,0%,15.46
reliable taxi service,0,52,0%,7.35
car rent madinah,0,52,0%,46.6
makkah to madinah private taxi limo car,0,52,0%,47.75
toyota hiace rental price,0,50,0%,7.98
madinah to makkah by road,0,50,0%,8.32
hajj umrah taxi,0,50,0%,35.18
car rent in makkah,0,49,0%,16.82
rent a car in madinah saudi arabia,0,49,0%,52.2
makkah to medina private shuttle,0,49,0%,52.47
car rental al madina al munawwarah,0,49,0%,93.84
rent a car for umrah,0,48,0%,21.21
umrah taxi service in saudi arabia,0,48,0%,63.17
hiace rent a car,0,48,0%,75.94
hyundai starex price in ksa,0,47,0%,3.13
star x car,0,47,0%,7.81
rent a car from jeddah airport to makkah,0,47,0%,27.26
hyundai staria 7 seater price in ksa,0,46,0%,4.24
makkah ziyarat taxi,0,46,0%,42.15
car rental taif,0,46,0%,43.02
jeddah airport to makkah car service,0,46,0%,85.24
hyundai starex,0,45,0%,19.89
makkah to madina private transportation options,0,44,0%,12.02
toyota coaster 2024 price in ksa,0,44,0%,21.36
gmc yukon xl rental,0,44,0%,57.41
jeddah airport taxi booking,0,43,0%,77.47
toyota coaster saudi arabia,0,42,0%,6.48
taxi madinah to makkah,0,42,0%,37.21
jeddah to makkah taxi,0,42,0%,61.64
luxury car rental with chauffeur,0,42,0%,70.07
rent a car jeddah saudi arabia,0,42,0%,79.79
rent hyundai staria,0,40,0%,79.17
car rides,0,39,0%,9.95
madinah to badr,0,39,0%,11.72
mecca rent a car,0,39,0%,24.26
key car rental madinah,0,39,0%,43.44
jeddah to madinah transfer,0,38,0%,82.24
toyota hiace for rent,0,37,0%,10.78
taxi service in saudi arabia,0,37,0%,50.84
hiace saudi arabia,0,36,0%,9.5
saudi arabia ride,0,36,0%,32.28
book taxi from jeddah airport to makkah,0,36,0%,56.5
rental ride,0,36,0%,64.14
chauffeur service in riyadh,0,36,0%,81.14
luxury car rental in saudi arabia,0,36,0%,82.42
car hire al madina al munawwarah,0,36,0%,90.92
saudi cab service,0,35,0%,3.71
rent a car in makkah near haram,0,35,0%,28.63
makkah car,0,35,0%,33.2
car with driver in riyadh,0,35,0%,58.66
passenger van saudi,0,34,0%,52
jeddah airport to makkah taxi services,0,34,0%,87.94
travel from madinah to makkah,0,33,0%,8.79
saudi arabia taxi cars,0,33,0%,11.36
gmc saudi arabia,0,33,0%,37.27
jeddah to taif taxi,0,33,0%,56.58
rent a car madinah airport,0,33,0%,58.42
private car transport from makkah to madinah,0,32,0%,10.84
med airport car service,0,32,0%,18.78
key rent a car makkah,0,32,0%,36.94
car rental madinah airport,0,32,0%,59.53
chauffeur services in riyadh,0,32,0%,97.72
cheap travel in makkah,0,31,0%,28.61
taxi from madinah to makkah,0,30,0%,52.5
تأجير سيارات في مكة,0,30,0%,84.6
hiace driver,0,29,0%,5.17
hiace van for rent with driver,0,29,0%,6.66
rent car in madinah,0,29,0%,42.52
taxi madinah,0,29,0%,49.62
jeddah airport to makkah taxi service,0,29,0%,62.83
yukon xl rental car,0,29,0%,63.79
gmc yukon xl for rent,0,29,0%,71.34
jeddah to makkah h1,0,29,0%,73.14
local guide program,0,28,0%,1
starex 7 seater,0,28,0%,6.57
hyundai 9 seater car,0,28,0%,13.36
hiace 12 seater,0,28,0%,26.57
toprides premium car services,0,28,0%,30.04
medina to jeddah taxi,0,28,0%,51.04
online taxi madinah to makkah,0,28,0%,61.36
gmc car hire,0,28,0%,88
gmc 7 seater,0,27,0%,1.52
hiace for rent,0,27,0%,11
rent a car in makkah price,0,27,0%,44
rent car madinah airport,0,27,0%,58
jeddah airport to makkah taxi,0,27,0%,77
taxi from jeddah to makkah,0,27,0%,85.59
reliable umrah transport,0,27,0%,91.37
makkah to madinah h1,0,27,0%,92.41
starex rental with driver,0,26,0%,5.77
makkah to badr distance by road,0,26,0%,15.65
toyota hiace 12 seater,0,26,0%,36.23
taxi makkah to madinah,0,26,0%,42.38
car rental in madinah,0,26,0%,45.5
saudi arabia rent a car,0,26,0%,57.85
yukon xl rental,0,26,0%,68.19
makkah to madinah car fare,0,25,0%,14.48
coaster car,0,25,0%,15.36
umrah taxi,0,25,0%,27.72
rental car makkah,0,25,0%,29.12
jeddah to makkah car,0,25,0%,41.56
rent a car madinah saudi arabia,0,25,0%,47.72
rent a car in medina saudi arabia,0,25,0%,52.24
mecca to badr,0,24,0%,9.33
chauffeur service in saudi arabia,0,24,0%,48.12
taxi from madinah to jeddah airport,0,24,0%,51.96
med airport cab,0,23,0%,9.22
ride saudi arabia,0,23,0%,22.22
taxi from medina to mecca,0,23,0%,37.26
makkah taxi service,0,23,0%,52.61
makkah taxi,0,23,0%,55.7
umrah cab,0,23,0%,60.3
makkah car rentals,0,23,0%,62.91
24/7 airport transfers,0,23,0%,88.09
rent a car with driver in dammam,0,23,0%,91.17
online taxi service in makkah,0,22,0%,11
toyota hiace van for rent,0,22,0%,15.27
special rides cars in riyadh,0,22,0%,28.27
gmc makkah to madinah,0,22,0%,32.91
7 seater car rental jeddah,0,22,0%,43.77
cheap car rental madinah,0,22,0%,45.14
cheap taxi service in makkah,0,22,0%,48.09
comfortable taxi service to saudi arabia,0,22,0%,59.73
best car rental jeddah,0,22,0%,85.09
car with driver,0,21,0%,5.33
how to travel from madinah to makkah,0,21,0%,8.76
toyota hiace 2024 price in ksa,0,21,0%,20.14
hyundai staria,0,21,0%,34.67
tourist car booking near me,0,21,0%,35.19
car in makkah,0,21,0%,38.9
car hire saudi arabia,0,21,0%,39.38
transport makkah to madinah,0,21,0%,47.52
umrah taxi service makkah,0,21,0%,48.1
makkah to medina taxi,0,21,0%,51.29
rent a car in madinah airport,0,21,0%,53.81
key rent a car madinah,0,21,0%,55.43
travel car rental,0,21,0%,58.33
madinah ziyarat tours,0,21,0%,63.9
long term car rental jeddah,0,21,0%,83.48
makkah to medina car,0,20,0%,6.15
taxi rent from makkah to madinah,0,20,0%,7.05
makkah to madina car,0,20,0%,9.5
saudi transfers mecca,0,20,0%,11.45
rent a car makkah near me,0,20,0%,23.05
madinah to makkah,0,20,0%,36.45
makkah to madinah transport,0,20,0%,39.2
car rentals makkah,0,20,0%,56.25
rent a car in madinah airport saudi arabia,0,20,0%,61.65
toyota coaster price range,0,20,0%,76.1
saudi cab,0,19,0%,4.53
hiace van rental near me,0,19,0%,7.32
how to book taxi in saudi arabia,0,19,0%,7.79
staria 9 seater,0,19,0%,9.53
hyundai staria 7 seater,0,19,0%,19.63
madinah ziyarat taxi,0,19,0%,48.68
car hire madinah airport,0,19,0%,53
airport bus driver for saudi arabia,0,19,0%,76.79
online cab in saudi arabia,0,18,0%,1
madinah to badar,0,18,0%,10.61
hiace van rental,0,18,0%,11.39
toyota hiace price in ksa,0,18,0%,14.33
taxi for umrah,0,18,0%,61.22
medina saudi arabia car rental,0,18,0%,62.39
camry taxi saudi,0,17,0%,2.65
private car hire for umrah,0,17,0%,5.65
best taxi service near me,0,17,0%,10.82
taxi services in makkah,0,17,0%,18.82
coaster van rental,0,17,0%,28.94
toyota coaster diesel price in saudi arabia,0,17,0%,33.12
taxi service saudi arabia,0,17,0%,39.29
jeddah airport to madinah taxi,0,17,0%,60.29
yukon xl for rent,0,17,0%,62.65
cheap car rentals makkah,0,17,0%,69.82
coaster,0,17,0%,86.29
how to book a taxi in saudi arabia,0,16,0%,1
how to go from madinah to makkah,0,16,0%,8
hyundai starex diesel price in ksa,0,16,0%,8.75
umrah cab online,0,16,0%,10.56
hiace rent per day,0,16,0%,13.44
medina to mecca by car,0,16,0%,16
chauffeur service near me,0,16,0%,23.12
makkah to jeddah car,0,16,0%,26.25
ride in saudi arabia,0,16,0%,34.19
starex,0,16,0%,34.75
car and chauffeur hire,0,16,0%,36.31
car rental and driver,0,16,0%,37.94
taxi service in makkah,0,16,0%,41.62
makha taxi service,0,16,0%,43
taxi from makkah to madinah,0,16,0%,43.81
airport pickups and airport drops,0,16,0%,53.12
cheap car rentals madinah airport,0,16,0%,57.62
rent gmc yukon xl,0,16,0%,73.44
madinah car rentals,0,16,0%,73.56
mekke'de araç kiralama,0,15,0%,3.13
mekkede araba kiralama,0,15,0%,3.6
saudi with driver,0,15,0%,4.13
badar to madinah,0,15,0%,8.2
mecca rent car,0,15,0%,8.4
best taxi service in saudi arabia,0,15,0%,12.27
hyundai starex seating capacity,0,15,0%,25.93
hyundai staria price in ksa,0,15,0%,33.07
airport pickup,0,15,0%,40
yukon suv rental,0,15,0%,42.67
madinah to jeddah taxi,0,15,0%,42.87
saudi arabia car rental,0,15,0%,44.13
reserve a vip car service effortlessly,0,15,0%,52.8
saudi rent a car,0,15,0%,59.33
taxi fare from medina to mecca,0,15,0%,64.87
private transfer from jeddah to madinah,0,15,0%,73.4
transfer from makkah to madinah,0,14,0%,2.36
saudi taxi booking,0,14,0%,5.36
coaster van,0,14,0%,6.93
rent hiace van,0,14,0%,7.29
umrah taxi finder,0,14,0%,8.14
umrah transfers,0,14,0%,11.57
makkkah to madinah private taxi limo car,0,14,0%,12
online taxi in madinah,0,14,0%,13.64
rent toyota hiace,0,14,0%,22.5
madinah taxi service,0,14,0%,27.86
airport drop off service jeddah to makkah,0,14,0%,36.93
car rental madina,0,14,0%,50.21
rent a yukon xl,0,14,0%,53
cars arabia,0,14,0%,56.36
madinah airport car rental,0,14,0%,64.29
key rent a car jeddah,0,14,0%,78.79
medina car rentals,0,14,0%,85.43
makkah to jeddah h1,0,14,0%,85.93
luxury car rental saudi arabia,0,14,0%,93.86
9 seater car,0,13,0%,1.69
taxi online makkah,0,13,0%,7.69
مكتب تأجير سيارات مكة العزيزية,0,13,0%,7.92
toyota hiace rental,0,13,0%,9.15
madinah city to makkah city private transfer,0,13,0%,9.77
taxi booking in saudi arabia,0,13,0%,11.46
book toyota hiace 12 seater,0,13,0%,26.38
private car service from jeddah to makkah,0,13,0%,29.69
hyundai starex car,0,13,0%,40.92
rent a car medina,0,13,0%,41.46
car rental makkah _landing pages,0,13,0%,47.54
starex seating capacity,0,13,0%,48.69
car rent in madinah,0,13,0%,50.54
arabia car,0,13,0%,57.85
jeddah to medina private bus service,0,13,0%,72.85
family car rental saudi arabia,0,13,0%,83.77
hire a car ride,0,13,0%,84.77
rent car jeddah,0,13,0%,85.31
sitaria car,0,12,0%,1
taxi rent,0,12,0%,3.25
mecca to madinah car,0,12,0%,4.33
best way to toyota jeddah,0,12,0%,5.5
mekke medine araç kiralama,0,12,0%,8.25
airport drop off,0,12,0%,8.33
car medine makkah,0,12,0%,9.42
zayrat,0,12,0%,12.5
cheapest way to travel from makkah to madinah,0,12,0%,16.67
gmc yukon rent,0,12,0%,24.5
luxury umrah cab,0,12,0%,39.25
car booking,0,12,0%,43.83
umrah taxi service website,0,12,0%,44.83
rent a car saudi arabia,0,12,0%,47
saudi airport transfers,0,12,0%,61.33
rent car in saudi arabia,0,12,0%,79.5
monthly rent a car in jeddah,0,12,0%,90.75
hyundai 9 seater van,0,11,0%,1
car rode,0,11,0%,4.09
pickup and drop off service,0,11,0%,9.55
how do i reserve rental cars in mecca and medina for pilgrimage tours?,0,11,0%,9.91
madinah to makkah car time,0,11,0%,10.18
best taxi service in riyadh,0,11,0%,11.18
hyundai starex rental price,0,11,0%,20.27
7 seater rent a car jeddah,0,11,0%,24.18
coaster bus saudi arabia,0,11,0%,28.64
rent toyota hiace 12 seater,0,11,0%,33.09
saudi arabia car hire services,0,11,0%,39.55
taxi in mecca,0,11,0%,42.27
cheap taxi from jeddah airport to makkah,0,11,0%,42.55
makkah to badr distance,0,11,0%,44.64
coaster bus for rent,0,11,0%,48.82
jeddah to madinah by car,0,11,0%,48.82
gmc makkah,0,11,0%,49
rent a car from riyadh to makkah,0,11,0%,58.73
affordable car rental in saudi arabia,0,11,0%,58.82
saudi taxi,0,11,0%,59.18
umrah ziarah taxi,0,11,0%,63.91
toyota hiace 12 seaters with,0,11,0%,94
starex 7,0,10,0%,2.5
taxi,0,10,0%,7
coaster rent per day,0,10,0%,7.4
arabistan araç kiralama,0,10,0%,7.8
car rental mecca _landing pages,0,10,0%,8.5
madinah makkah car,0,10,0%,8.6
starex car 7 seater,0,10,0%,8.8
taxi arabia,0,10,0%,9
"arabian rides, transportation service, jeddah",0,10,0%,10.2
camry taxi,0,10,0%,10.7
madinah to makkah gmc price,0,10,0%,11.8
coaster van for rent,0,10,0%,11.9
toyota coaster rental,0,10,0%,15.1
toyota coaster,0,10,0%,15.8
car hire with driver,0,10,0%,16.7
online taxi service in saudi arabia,0,10,0%,22.5
airport drop,0,10,0%,26.3
coaster bus price in ksa,0,10,0%,28.8
hyundai staria ksa,0,10,0%,38.1
rent a car taif,0,10,0%,41.1
reliable taxi service from jeddah to makkah,0,10,0%,43.3
taxi services in saudi arabia,0,10,0%,44.7
luxury transport service,0,10,0%,47.3
madinah to jeddah airport taxi,0,10,0%,51.4
madinah airport rent a car,0,10,0%,51.6
taxi from jeddah airport to makkah,0,10,0%,52.8
riyadh executive car with driver,0,10,0%,58.3
makkah madina taxi,0,10,0%,59.6
makkah's most famous landmarks,0,10,0%,61.6
jeddah to mecca taxi,0,10,0%,75.8
airport transfer service jeddah to makkah,0,10,0%,82.9
hyundai 7 seater van,0,9,0%,1.11
toyota 7-seater car in saudi arabia,0,9,0%,2.22
hyundai sataria,0,9,0%,2.33
car rid,0,9,0%,4.11
badr ziyarat places,0,9,0%,4.44
ridearabia,0,9,0%,5.11
book a car with driver,0,9,0%,5.67
7 seater taxi near me,0,9,0%,6.22
need car with driver,0,9,0%,6.33
hiace van rent,0,9,0%,6.56
#carride,0,9,0%,6.89
cab in saudi,0,9,0%,7.67
drop to airport,0,9,0%,8.44
starex seater,0,9,0%,9.11
rent a car,0,9,0%,10.67
makkah to medina transfer,0,9,0%,10.78
rental car in makkah,0,9,0%,10.78
private car with driver,0,9,0%,14.11
starex hyundai,0,9,0%,16.56
saudi taxi service,0,9,0%,18
gmc yukon rental near me,0,9,0%,19.11
rent a car in makkah price per day,0,9,0%,20.89
coaster for sale in saudi arabia,0,9,0%,25.67
makkah to madinah taxi fare,0,9,0%,26.67
taif taxi,0,9,0%,27.67
toyota 12 seater,0,9,0%,29.33
mecca car,0,9,0%,33.33
car hire saudi,0,9,0%,38.44
mecca to medina by car,0,9,0%,39.11
vehicle rental saudi arabia,0,9,0%,45.44
madinah to jeddah airport taxi fare,0,9,0%,46
budget rent a car madinah,0,9,0%,49.89
travels car,0,9,0%,50.11
jeddah to madinah taxi cost,0,9,0%,51.22
car rental in madinah airport,0,9,0%,52.11
luxury chauffeur service,0,9,0%,55.44
taxi jeddah to makkah,0,9,0%,56.11
how much is taxi from makkah to madinah,0,9,0%,62
car for trip,0,9,0%,69.44
where can i rent a gmc yukon xl,0,9,0%,74.44
rent yukon xl,0,9,0%,77
order a premium taxi,0,9,0%,85.67
12 seater cars,0,8,0%,1.5
cabs in saudi arabia,0,8,0%,1.88
rental hiace,0,8,0%,3.5
cars,0,8,0%,5
umrah ride services,0,8,0%,5.12
ليموزين,0,8,0%,5.12
hiace on rent,0,8,0%,5.75
كار رايد,0,8,0%,7
taxi 7 seater,0,8,0%,7.25
coaster service,0,8,0%,8.62
how to get from madinah to makkah,0,8,0%,9.12
from madina to makkah,0,8,0%,9.25
luxury car rental makkah,0,8,0%,10
car pick up service,0,8,0%,10.62
airport pickup and drop service,0,8,0%,11.75
makkah to madinah cheapest way,0,8,0%,12.62
hire a driver,0,8,0%,14.25
staria price in ksa,0,8,0%,20.62
online taxi in makkah,0,8,0%,23.88
madinah to jeddah by car,0,8,0%,28.62
car service jeddah,0,8,0%,29.25
makkah to madina taxi,0,8,0%,29.25
gmc yukon 7 seater,0,8,0%,33.38
taxi service makkah,0,8,0%,36.88
makkah to madinah by car price,0,8,0%,37
hyundai staria price in saudi arabia,0,8,0%,39
madinah to badr distance,0,8,0%,43
umrah taxi services,0,8,0%,43.12
madinah airport transfer,0,8,0%,44
rental coaster bus,0,8,0%,44.25
coaster bus for rent in jeddah,0,8,0%,45.62
gmc yukon sle offers saudi arabia,0,8,0%,45.62
rental car madinah,0,8,0%,45.62
rent car medina,0,8,0%,48
saudi taxi company,0,8,0%,48.75
taxi service in madinah,0,8,0%,51.62
taxi from jeddah to mecca,0,8,0%,53.38
taxi in makkah,0,8,0%,53.88
jeddah to makkah taxi services,0,8,0%,59.62
traveller van ksa,0,8,0%,62.25
airport chauffeur services,0,8,0%,74.12
umrah taxi in mecca,0,8,0%,80.88
chauffeur service dammam,0,8,0%,86.38
staria 7 seater interior,0,7,0%,1
شركة ليموزين مكة,0,7,0%,1.86
12 seater vehicles,0,7,0%,2
ride a car,0,7,0%,4.43
toyota hiace,0,7,0%,4.43
rent car near me,0,7,0%,5
madinah to makkah transfer,0,7,0%,5.57
makkah to madinah car price,0,7,0%,6.14
saudi ride,0,7,0%,8.29
7 seater taxi,0,7,0%,8.57
car service in saudi arabia,0,7,0%,8.57
badr to madina,0,7,0%,8.71
11 seater hiace,0,7,0%,8.86
sewa gmc mekah,0,7,0%,9.57
staria 7 seater,0,7,0%,9.71
madinah to mecca by car,0,7,0%,10
12 seater hiace,0,7,0%,10.14
hiace van for rent in jeddah,0,7,0%,10.29
ziyarat in badr,0,7,0%,10.71
private chauffeur,0,7,0%,10.86
driver with car,0,7,0%,12.29
hiace 11 seater,0,7,0%,13.29
car jeddah medina,0,7,0%,14.29
online taxi in saudi arabia,0,7,0%,14.29
madinah taxi,0,7,0%,17.29
madinah ziyarat taxi cost,0,7,0%,18
toyota hiace in saudi arabia,0,7,0%,20.14
makkah ziyarat taxi cost,0,7,0%,22
hiace price in saudi arabia,0,7,0%,24.14
cab service,0,7,0%,24.43
hyundai staria diesel price in ksa,0,7,0%,25.14
gmc yukon rental price,0,7,0%,28.14
saudi taxi number,0,7,0%,28.14
car hire in makkah,0,7,0%,28.29
rent gmc yukon,0,7,0%,28.86
hyundai staria 7 seater interior,0,7,0%,33
השכרת רכב בסעודיה,0,7,0%,35
sewa van hiace,0,7,0%,35.43
makkah to madinah distance by taxi,0,7,0%,37.14
cab service in makkah,0,7,0%,37.29
jeddah to makkah by car,0,7,0%,37.43
travel car booking near me,0,7,0%,41.86
tour and travels car booking near me,0,7,0%,45.86
riyadh luxury car with driver,0,7,0%,47.57
taxi fare from makkah to madinah,0,7,0%,48.43
yukon car rental,0,7,0%,49.14
toyota 12 seater van,0,7,0%,56.14
yukon denali xl rental,0,7,0%,68.86
chauffeur car hire,0,7,0%,70.14
private taxi service in riyadh,0,7,0%,73.14
tour and travel car rental,0,7,0%,76.71
long term car rental in jeddah,0,7,0%,88.57
makkah to jeddah taxi service,0,7,0%,93.43
rent a car in tabuk,0,7,0%,94.86
h1 7 seater,0,6,0%,1
najm whatsapp number jeddah,0,6,0%,1
starex staria,0,6,0%,1
hiace car rent,0,6,0%,2.5
hyundai staria 9 seater price,0,6,0%,3
hyundai staria rental jeddah,0,6,0%,4.17
avis car rental hyundai h1 prices,0,6,0%,4.33
jeddah to makkah taxi fare 7 seater,0,6,0%,4.33
airport pick and drop,0,6,0%,4.67
saudi airport taxi,0,6,0%,4.67
taxi camry,0,6,0%,5.67
madinah airport to makkah,0,6,0%,9.67
how far is badr from makkah,0,6,0%,12
gmc from makkah to madinah,0,6,0%,12.17
madina to badr,0,6,0%,13.33
hiace saudi,0,6,0%,14.67
starex car rental,0,6,0%,16
taxi in madinah,0,6,0%,16.17
toyota coaster bus price in saudi arabia,0,6,0%,19.17
hyundai staria rental,0,6,0%,19.5
madinah to makkah taxi time,0,6,0%,21.5
hiace price in ksa,0,6,0%,22.33
toyota hiace van price in ksa,0,6,0%,24.17
toyota hiace saudi arabia price,0,6,0%,24.67
hiace toyota price in ksa,0,6,0%,25.17
toyota hiace ksa,0,6,0%,25.5
yellow rent a car jeddah,0,6,0%,32.67
book car,0,6,0%,39
rent car saudi,0,6,0%,40
gmc yukon denali offers saudi arabia,0,6,0%,40.67
saudi arab taxi,0,6,0%,41
makkah hotel to makkah train station,0,6,0%,43
rent gmc yukon denali,0,6,0%,43.67
taxi from madinah to jeddah,0,6,0%,47.83
madina to makkah,0,6,0%,49.67
mecca to madinah taxi,0,6,0%,50
badr to makkah distance,0,6,0%,52.5
makkah to taif taxi fare,0,6,0%,52.67
car rental medina,0,6,0%,53.83
sewa toyota hiace,0,6,0%,62.17
cheap car rentals madinah,0,6,0%,64
7 seater rent a car riyadh,0,6,0%,65
suudi arabistan araç kiralama,0,6,0%,70
taif car rentals,0,6,0%,72.33
rentalride,0,6,0%,73.17
rental car chauffeur service,0,6,0%,77.83
car service from jeddah airport to makkah,0,6,0%,89.33
hiace van saudi arabia,0,5,0%,1
hundai starex,0,5,0%,1
hyundai h1 7 seater,0,5,0%,1
sataria,0,5,0%,1.2
private car transport,0,5,0%,2.8
rental car near me,0,5,0%,4
شركة نقل سيارات بين المدن,0,5,0%,5.6
private car service near me,0,5,0%,6
car ride services,0,5,0%,6.4
umrah taxi online – private taxi service in saudi arabia,0,5,0%,6.4
car travels,0,5,0%,6.8
pick up drop off service,0,5,0%,6.8
mekka car,0,5,0%,8
privet car,0,5,0%,8.4
17 seater coaster,0,5,0%,8.6
airport pickup and drop off,0,5,0%,8.8
rent a car in saudi arabia makkah,0,5,0%,9
transport in madinah,0,5,0%,9.8
coaster transport,0,5,0%,10
starx car,0,5,0%,10
car for pick and drop,0,5,0%,10.2
hiace 12 seater rental,0,5,0%,10.4
gmc rent in saudi arabia,0,5,0%,10.6
makkah to madinah car booking,0,5,0%,11
airport pickup and drop off service,0,5,0%,12
quick cars service madinah,0,5,0%,12.2
madinah to jeddah car,0,5,0%,12.6
cab service in riyadh,0,5,0%,13.6
starex hyundai price,0,5,0%,14.2
toyota coaster for rent,0,5,0%,14.6
car service near me,0,5,0%,15.4
toyota coaster price saudi arabia 2025,0,5,0%,16.2
toyota camry taxi,0,5,0%,16.4
toyota hiace van price in saudi arabia,0,5,0%,16.4
toyota coaster price in ksa installment,0,5,0%,17.6
harmain rides,0,5,0%,18.4
travel car,0,5,0%,18.4
car rental with driver jeddah,0,5,0%,19.2
madinah to jeddah distance by taxi,0,5,0%,22.8
hire a car driver,0,5,0%,23.2
personal drivers for hire,0,5,0%,24.6
12 seater van,0,5,0%,28
تأجير سيارات مكة,0,5,0%,28.8
madinah to mecca taxi,0,5,0%,31.2
taxi service madinah,0,5,0%,32.4
airport pickup service,0,5,0%,32.8
toyota hiace 12 seater van,0,5,0%,34
toyota hiace price in saudi arabia,0,5,0%,34.8
cab drivers near me,0,5,0%,36.4
toyota 12 seater car,0,5,0%,37.8
car rental in mecca saudi arabia,0,5,0%,38.6
taif rent a car,0,5,0%,44.8
taif to makkah taxi fare,0,5,0%,46.2
gmc rental,0,5,0%,47.2
cheap rent a car in madinah,0,5,0%,53.8
hyundai staria for rent,0,5,0%,54
sewa mobil di madinah,0,5,0%,54
coaster vehicle,0,5,0%,54.2
cheap rental cars saudi arabia,0,5,0%,55.2
avis makkah,0,5,0%,57
madina taxi,0,5,0%,57
12 seater toyota hiace,0,5,0%,58.6
luxury cab service,0,5,0%,59
tour with private car,0,5,0%,59.4
rent a car in saudi,0,5,0%,60
umrah taxi services in saudi arabia,0,5,0%,62.2
car for hire with driver,0,5,0%,64.6
renting a car in saudi arabia,0,5,0%,66.6
9 seater hyundai,0,5,0%,68
renting car in saudi arabia,0,5,0%,68.8
arabia cars,0,5,0%,69.6
umrah taxi service online,0,5,0%,73.6
rental cars in jeddah saudi arabia,0,5,0%,76
hiace car,0,5,0%,79.6
jeddah car rental deals,0,5,0%,83
rental car in medina,0,5,0%,83
rental car medina,0,5,0%,87.4
rides hire,0,5,0%,90
mpv 9 seater,0,4,0%,2
toyota hi roof price in saudi arabia,0,4,0%,2
taxi mecca to medina cost 2025,0,4,0%,2.5
9 seater cars,0,4,0%,2.75
car rent,0,4,0%,3.25
toyota hiace rent per day,0,4,0%,3.5
ujrah taxi,0,4,0%,4
hyundai h1 for hire avis,0,4,0%,4.75
airport pick up and drop off,0,4,0%,5.25
rent a car hiace,0,4,0%,5.75
taxi car price in saudi arabia,0,4,0%,5.75
car cab,0,4,0%,6
private transport vehicles,0,4,0%,6.25
ride services near me,0,4,0%,7.5
pickup drop off,0,4,0%,7.75
rent taxi near me,0,4,0%,8.5
toyota coaster rent,0,4,0%,8.5
hiace 12 seat,0,4,0%,8.75
tourist car,0,4,0%,8.75
how long from madinah to makkah,0,4,0%,9
makkah shuttle service,0,4,0%,9
private van,0,4,0%,9.25
riyadh to makkah car service,0,4,0%,10.25
#airportpickup✈️,0,4,0%,10.5
airport drop off service,0,4,0%,10.5
from taif to makkah,0,4,0%,10.5
makkah transfers,0,4,0%,10.5
rides car,0,4,0%,10.5
taxi saudi arabia,0,4,0%,10.5
vehicle transport services ksa,0,4,0%,10.5
hi ace for rent,0,4,0%,11
hyundai makkah,0,4,0%,11.25
makkah rent car,0,4,0%,11.25
madinah airport taxi service,0,4,0%,11.5
hyundai staria rent a car,0,4,0%,12
taif airport to makkah distance,0,4,0%,13
rent a car in makkah near haram airport,0,4,0%,13.5
staria seater,0,4,0%,13.5
starex car how many seater,0,4,0%,16
toyota hiace van rental,0,4,0%,17
ziyarah taxi,0,4,0%,21.5
saudi car rental,0,4,0%,22.25
makkah ziyarat taxi rates,0,4,0%,27
jeddah to makkah car service,0,4,0%,28
hyundai madinah,0,4,0%,28.25
toyota hiace for rent in riyadh monthly,0,4,0%,28.5
cab booking,0,4,0%,32.25
arabia drive,0,4,0%,32.75
luxury taxi,0,4,0%,32.75
travels for car,0,4,0%,33.5
yukon denali for rent,0,4,0%,34.25
coaster bus rental,0,4,0%,34.75
location voiture makkah,0,4,0%,34.75
umrah cabs,0,4,0%,36.5
hire a car with driver,0,4,0%,37.75
madina to badar,0,4,0%,38.25
12 seater van hire,0,4,0%,40.5
gmc yukon xl price in saudi arabia,0,4,0%,40.75
driver and car for rent,0,4,0%,41
chauffeur service,0,4,0%,41.75
makkah city landmarks,0,4,0%,41.75
grand starex seating capacity,0,4,0%,42
cab service in jeddah,0,4,0%,44.75
saudia ride,0,4,0%,46
taif to jeddah airport distance,0,4,0%,48.25
medina airport to hotel taxi,0,4,0%,48.75